CHAPTER,VERSE,5cPAGE,19cPAGE,COL,LINE,PRECEDING,WORD,LEMMA,FOLLOWING,PART,PERSON,PLACE,WITNESS,READING
13,10,83,62,a,1,    ,et,,inhabitauit illic annis duob· duobus,N,,,,
13,10,83,62,a,1,    et,inhabitauit,inhabitavit,illic annis duob· duobus Et,N,,,,
13,10,83,62,a,1,   et inhabitauit,illic,,annis duob· duobus Et promouit,N,,,,
13,10,83,62,a,2,  et inhabitauit illic,annis,,duob· duobus Et promouit inde,N,,,,
13,10,83,62,a,2, et inhabitauit illic annis,duob·,duobus,duobus Et promouit inde in,N,,,,
13,10,83,62,a,2,et inhabitauit illic annis duob·,duobus,,Et promouit inde in austrum,N,,,,
13,10,83,62,a,3,inhabitauit illic annis duob· duobus,Et,,promouit inde in austrum usq·,N,,,,
13,10,83,62,a,3,illic annis duob· duobus Et,promouit,,inde in austrum usq· usque,N,,,,
13,10,83,62,a,3,annis duob· duobus Et promouit,inde,,in austrum usq· usque bahalot,N,,,,
13,10,83,62,a,4,duob· duobus Et promouit inde,in,,austrum usq· usque bahalot et,N,,,,
13,10,83,62,a,4,duobus Et promouit inde in,austrum,,usq· usque bahalot et facta,N,,,,
13,10,83,62,a,4,Et promouit inde in austrum,usq·,usque,usque bahalot et facta est,N,,,,
13,10,83,62,a,4,promouit inde in austrum usq·,usque,,bahalot et facta est famis,N,,,,
13,10,83,62,a,4,inde in austrum usq· usque,bahalot,,et facta est famis super,N,,TRUE,,
13,10,83,62,a,5,in austrum usq· usque bahalot,et,,facta est famis super terra˙,N,,,,
13,10,83,62,a,5,austrum usq· usque bahalot et,facta,,est famis super terra˙ terram,N,,,,
13,10,83,62,a,5,usq· usque bahalot et facta,est,,famis super terra˙ terram et,N,,,,
13,10,83,62,a,6,usque bahalot et facta est,famis,,super terra˙ terram et abiit,N,,,,
13,10,83,62,a,6,bahalot et facta est famis,super,,terra˙ terram et abiit abram,N,,,,
13,10,83,62,a,6,et facta est famis super,terra˙,terram,terram et abiit abram in,N,,,,
13,10,83,62,a,6,facta est famis super terra˙,terram,,et abiit abram in aegyptum,N,,,,
13,11,83,62,a,7,est famis super terra˙ terram,et,,abiit abram in aegyptum anno,N,,,,
13,11,83,62,a,7,famis super terra˙ terram et,abiit,,abram in aegyptum anno tertio,N,,,,
13,11,83,62,a,7,super terra˙ terram et abiit,abram,Abraham,in aegyptum anno tertio septimani,N,TRUE,,,
13,11,83,62,a,7,terra˙ terram et abiit abram,in,,aegyptum anno tertio septimani et,N,,,,
13,11,83,62,a,7,terram et abiit abram in,aegyptum,,anno tertio septimani et inhabitauit,N,,TRUE,,
13,11,83,62,a,8,et abiit abram in aegyptum,anno,,tertio septimani et inhabitauit in,N,,,,
13,11,83,62,a,8,abiit abram in aegyptum anno,tertio,,septimani et inhabitauit in terram,N,,,,
13,11,83,62,a,9,abram in aegyptum anno tertio,septimani,,et inhabitauit in terram aegypti,N,,,,
13,11,83,62,a,9,in aegyptum anno tertio septimani,et,,inhabitauit in terram aegypti quinq·,N,,,,
13,11,83,62,a,9,aegyptum anno tertio septimani et,inhabitauit,inhabitavit,in terram aegypti quinq· quinque,N,,,,
13,11,83,62,a,10,anno tertio septimani et inhabitauit,in,,terram aegypti quinq· quinque annis,N,,,,
13,11,83,62,a,10,tertio septimani et inhabitauit in,terram,,aegypti quinq· quinque annis priusquam,N,,,,
13,11,83,62,a,11,septimani et inhabitauit in terram,aegypti,,quinq· quinque annis priusquam raperetur,N,,TRUE,,
13,11,83,62,a,11,et inhabitauit in terram aegypti,quinq·,quinque,quinque annis priusquam raperetur uxor,N,,,,
13,11,83,62,a,11,inhabitauit in terram aegypti quinq·,quinque,,annis priusquam raperetur uxor ipsius,N,,,,
13,11,83,62,a,11,in terram aegypti quinq· quinque,annis,,priusquam raperetur uxor ipsius ab,N,,,,
13,11,83,62,a,12,terram aegypti quinq· quinque annis,priusquam,,raperetur uxor ipsius ab eo,N,,,,
13,11,83,62,a,12,aegypti quinq· quinque annis priusquam,raperetur,,uxor ipsius ab eo et,N,,,,
13,11,83,62,a,13,quinq· quinque annis priusquam raperetur,uxor,,ipsius ab eo et taneos,N,,,,
13,11,83,62,a,13,quinque annis priusquam raperetur uxor,ipsius,,ab eo et taneos ciuitas,N,,,,
13,11,83,62,a,13,annis priusquam raperetur uxor ipsius,ab,,eo et taneos ciuitas aegypti,N,,,,
13,11,83,62,a,13,priusquam raperetur uxor ipsius ab,eo,,et taneos ciuitas aegypti tunc,N,,,,
13,12,83,62,a,14,raperetur uxor ipsius ab eo,et,,taneos ciuitas aegypti tunc aedificata,N,,,,
13,12,83,62,a,14,uxor ipsius ab eo et,taneos,,ciuitas aegypti tunc aedificata est,N,,TRUE,,
13,12,83,62,a,14,ipsius ab eo et taneos,ciuitas,,aegypti tunc aedificata est annis,N,,,,
13,12,83,62,a,14,ab eo et taneos ciuitas,aegypti,,tunc aedificata est annis septem,N,,TRUE,,
13,12,83,62,a,15,eo et taneos ciuitas aegypti,tunc,,aedificata est annis septem post,N,,,,
13,12,83,62,a,15,et taneos ciuitas aegypti tunc,aedificata,,est annis septem post cebron,N,,,,
13,12,83,62,a,16,taneos ciuitas aegypti tunc aedificata,est,,annis septem post cebron Et,N,,,,
13,12,83,62,a,16,ciuitas aegypti tunc aedificata est,annis,,septem post cebron Et factum,N,,,,
13,12,83,62,a,16,aegypti tunc aedificata est annis,septem,,post cebron Et factum est,N,,,,
13,12,83,62,a,17,tunc aedificata est annis septem,post,,cebron Et factum est cum,N,,,,
13,12,83,62,a,17,aedificata est annis septem post,cebron,,Et factum est cum rapuisset,N,,TRUE,,
13,13,83,62,a,18,est annis septem post cebron,Et,,factum est cum rapuisset farao,N,,,,
13,13,83,62,a,18,annis septem post cebron Et,factum,,est cum rapuisset farao saram,N,,,,
13,13,83,62,a,18,septem post cebron Et factum,est,,cum rapuisset farao saram uxorem,N,,,,
13,13,83,62,a,18,post cebron Et factum est,cum,,rapuisset farao saram uxorem abra˙,N,,,,
13,13,83,62,a,19,cebron Et factum est cum,rapuisset,,farao saram uxorem abra˙ abram,N,,,,
13,13,83,62,a,19,Et factum est cum rapuisset,farao,pharao,saram uxorem abra˙ abram quaestionauit,N,TRUE,,,
13,13,83,62,a,19,factum est cum rapuisset farao,saram,,uxorem abra˙ abram quaestionauit dn̅s,N,TRUE,,,
13,13,83,62,a,20,est cum rapuisset farao saram,uxorem,,abra˙ abram quaestionauit dn̅s dominus,N,,,,
13,13,83,62,a,20,cum rapuisset farao saram uxorem,abra˙,Abraham,abram quaestionauit dn̅s dominus faraonem,N,TRUE,,,
13,13,83,62,a,20,rapuisset farao saram uxorem abra˙,abram,Abraham,quaestionauit dn̅s dominus faraonem et,N,TRUE,,,
13,13,83,62,a,21,farao saram uxorem abra˙ abram,quaestionauit,quaero,dn̅s dominus faraonem et domu˙,N,,,,
13,13,83,62,a,21,saram uxorem abra˙ abram quaestionauit,dn̅s,dominus,dominus faraonem et domu˙ domum,N,TRUE,,,
13,13,83,62,a,21,uxorem abra˙ abram quaestionauit dn̅s,dominus,,faraonem et domu˙ domum eius,N,TRUE,,,
13,13,83,62,a,22,abra˙ abram quaestionauit dn̅s dominus,faraonem,Pharaonem,et domu˙ domum eius quaestionib·,N,TRUE,,,
13,13,83,62,a,22,abram quaestionauit dn̅s dominus faraonem,et,,domu˙ domum eius quaestionib· quaestionibus,N,,,,
13,13,83,62,a,22,quaestionauit dn̅s dominus faraonem et,domu˙,domum,domum eius quaestionib· quaestionibus magnis,N,,,,
13,13,83,62,a,22,dn̅s dominus faraonem et domu˙,domum,,eius quaestionib· quaestionibus magnis propter,N,,,,
13,13,83,62,a,23,dominus faraonem et domu˙ domum,eius,,quaestionib· quaestionibus magnis propter saram,N,,,,
13,13,83,62,a,23,faraonem et domu˙ domum eius,quaestionib·,quaestionibus,quaestionibus magnis propter saram uxorem,N,,,,
13,13,83,62,a,23,et domu˙ domum eius quaestionib·,quaestionibus,,magnis propter saram uxorem abra˙,N,,,,
13,13,83,62,a,24,domu˙ domum eius quaestionib· quaestionibus,magnis,,propter saram uxorem abra˙ abram,N,,,,
13,13,83,62,a,24,domum eius quaestionib· quaestionibus magnis,propter,,saram uxorem abra˙ abram et,N,,,,
13,13,83,62,b,1,eius quaestionib· quaestionibus magnis propter,saram,,uxorem abra˙ abram et tunc,N,TRUE,,,
13,13,83,62,b,1,quaestionib· quaestionibus magnis propter saram,uxorem,,abra˙ abram et tunc abram,N,,,,
13,13,83,62,b,1,quaestionibus magnis propter saram uxorem,abra˙,Abraham,abram et tunc abram glorificauit,N,TRUE,,,
13,13,83,62,b,1,magnis propter saram uxorem abra˙,abram,Abraham,et tunc abram glorificauit diuitiis,N,TRUE,,,
13,14,83,62,b,2,propter saram uxorem abra˙ abram,et,,tunc abram glorificauit diuitiis ualde,N,,,,
13,14,83,62,b,2,saram uxorem abra˙ abram et,tunc,,abram glorificauit diuitiis ualde omnib·,N,,,,
13,14,83,62,b,2,uxorem abra˙ abram et tunc,abram,Abraham,glorificauit diuitiis ualde omnib· omnibus,N,TRUE,,,
13,14,83,62,b,2,abra˙ abram et tunc abram,glorificauit,glorificavit,diuitiis ualde omnib· omnibus ouib·,N,,,,
13,14,83,62,b,3,abram et tunc abram glorificauit,diuitiis,,ualde omnib· omnibus ouib· ouibus,N,,,,
13,14,83,62,b,3,et tunc abram glorificauit diuitiis,ualde,,omnib· omnibus ouib· ouibus et,N,,,,
13,14,83,62,b,4,tunc abram glorificauit diuitiis ualde,omnib·,ombibus,omnibus ouib· ouibus et bubus,N,,,,
13,14,83,62,b,4,abram glorificauit diuitiis ualde omnib·,omnibus,,ouib· ouibus et bubus et,N,,,,
13,14,83,62,b,4,glorificauit diuitiis ualde omnib· omnibus,ouib·,ouibus,ouibus et bubus et asinis,N,,,,
13,14,83,62,b,4,diuitiis ualde omnib· omnibus ouib·,ouibus,,et bubus et asinis et,N,,,,
13,14,83,62,b,4,ualde omnib· omnibus ouib· ouibus,et,,bubus et asinis et camelis,N,,,,
13,14,83,62,b,5,omnib· omnibus ouib· ouibus et,bubus,,et asinis et camelis et,N,,,,
13,14,83,62,b,5,omnibus ouib· ouibus et bubus,et,,asinis et camelis et equis,N,,,,
13,14,83,62,b,5,ouib· ouibus et bubus et,asinis,,et camelis et equis et,N,,,,
13,14,83,62,b,5,ouibus et bubus et asinis,et,,camelis et equis et seruis,N,,,,
13,14,83,62,b,6,et bubus et asinis et,camelis,,et equis et seruis et,N,,,,
13,14,83,62,b,6,bubus et asinis et camelis,et,,equis et seruis et ancillis,N,,,,
13,14,83,62,b,6,et asinis et camelis et,equis,,et seruis et ancillis argento,N,,,,
13,14,83,62,b,6,asinis et camelis et equis,et,,seruis et ancillis argento et,N,,,,
13,14,83,62,b,7,et camelis et equis et,seruis,,et ancillis argento et aro,N,,,,
13,14,83,62,b,7,camelis et equis et seruis,et,,ancillis argento et aro ualde,N,,,,
13,14,83,62,b,7,et equis et seruis et,ancillis,,argento et aro ualde etenim,N,,,,
13,14,83,62,b,8,equis et seruis et ancillis,argento,,et aro ualde etenim et,N,,,,
13,14,83,62,b,8,et seruis et ancillis argento,et,,aro ualde etenim et loth,N,,,,
13,14,83,62,b,8,seruis et ancillis argento et,aro,auro,ualde etenim et loth filio,N,,,,
13,14,83,62,b,8,et ancillis argento et aro,ualde,,etenim et loth filio fratris,N,,,,
13,14,83,62,b,9,ancillis argento et aro ualde,etenim,,et loth filio fratris sui,N,,,,
13,14,83,62,b,9,argento et aro ualde etenim,et,,loth filio fratris sui erant,N,,,,
13,14,83,62,b,9,et aro ualde etenim et,loth,,filio fratris sui erant diuitiae,N,TRUE,,,
13,14,83,62,b,10,aro ualde etenim et loth,filio,,fratris sui erant diuitiae Et,N,,,,
13,14,83,62,b,10,ualde etenim et loth filio,fratris,,sui erant diuitiae Et reddidit,N,,,,
13,14,83,62,b,10,etenim et loth filio fratris,sui,,erant diuitiae Et reddidit farao,N,,,,
13,14,83,62,b,10,et loth filio fratris sui,erant,,diuitiae Et reddidit farao saram,N,,,,
13,14,83,62,b,11,loth filio fratris sui erant,diuitiae,,Et reddidit farao saram uxorem,N,,,,
13,15,83,62,b,11,filio fratris sui erant diuitiae,Et,,reddidit farao saram uxorem abram,N,,,,
13,15,83,62,b,11,fratris sui erant diuitiae Et,reddidit,,farao saram uxorem abram uiro,N,,,,
13,15,83,62,b,12,sui erant diuitiae Et reddidit,farao,Pharao,saram uxorem abram uiro suo,N,TRUE,,,
13,15,83,62,b,12,erant diuitiae Et reddidit farao,saram,,uxorem abram uiro suo et,N,TRUE,,,
13,15,83,62,b,13,diuitiae Et reddidit farao saram,uxorem,,abram uiro suo et eiecit,N,,,,
13,15,83,62,b,13,Et reddidit farao saram uxorem,abram,Abraham,uiro suo et eiecit eum,N,TRUE,,,
13,15,83,62,b,13,reddidit farao saram uxorem abram,uiro,,suo et eiecit eum de,N,,,,
13,15,83,62,b,14,farao saram uxorem abram uiro,suo,,et eiecit eum de terra,N,,,,
13,15,83,62,b,14,saram uxorem abram uiro suo,et,,eiecit eum de terra aegypti,N,,,,
13,15,83,62,b,14,uxorem abram uiro suo et,eiecit,,eum de terra aegypti et,N,,,,
13,15,83,62,b,14,abram uiro suo et eiecit,eum,,de terra aegypti et peruenit,N,,,,
13,15,83,62,b,15,uiro suo et eiecit eum,de,,terra aegypti et peruenit in,N,,,,
13,15,83,62,b,15,suo et eiecit eum de,terra,,aegypti et peruenit in locu˙,N,,,,
13,15,83,62,b,15,et eiecit eum de terra,aegypti,,et peruenit in locu˙ locum,N,,TRUE,,
13,15,83,62,b,16,eiecit eum de terra aegypti,et,,peruenit in locu˙ locum ubi,N,,,,
13,15,83,62,b,16,eum de terra aegypti et,peruenit,,in locu˙ locum ubi fixerat,N,,,,
13,15,83,62,b,16,de terra aegypti et peruenit,in,,locu˙ locum ubi fixerat tabernaculum,N,,,,
13,15,83,62,b,16,terra aegypti et peruenit in,locu˙,locum,locum ubi fixerat tabernaculum suum,N,,,,
13,15,83,62,b,16,aegypti et peruenit in locu˙,locum,,ubi fixerat tabernaculum suum in,N,,,,
13,15,83,62,b,17,et peruenit in locu˙ locum,ubi,,fixerat tabernaculum suum in primis,N,,,,
13,15,83,62,b,17,peruenit in locu˙ locum ubi,fixerat,,tabernaculum suum in primis in,N,,,,
13,15,83,62,b,17,in locu˙ locum ubi fixerat,tabernaculum,,suum in primis in locum,N,,,,
13,15,83,62,b,18,locu˙ locum ubi fixerat tabernaculum,suum,,in primis in locum altarii,N,,,,
13,15,83,62,b,18,locum ubi fixerat tabernaculum suum,in,,primis in locum altarii agge,N,,,,
13,15,83,62,b,19,ubi fixerat tabernaculum suum in,primis,,in locum altarii agge ad,N,,,,
13,15,83,62,b,19,fixerat tabernaculum suum in primis,in,,locum altarii agge ad orientis,N,,,,
13,15,83,62,b,19,tabernaculum suum in primis in,locum,,altarii agge ad orientis partem,N,,,,
13,15,83,62,b,19,suum in primis in locum,altarii,,agge ad orientis partem et,N,,,,
13,15,83,62,b,20,in primis in locum altarii,agge,,ad orientis partem et betel,N,,TRUE,,
13,15,83,62,b,20,primis in locum altarii agge,ad,,orientis partem et betel a,N,,,,
13,15,83,62,b,20,in locum altarii agge ad,orientis,,partem et betel a mare,N,,,,
13,15,83,62,b,21,locum altarii agge ad orientis,partem,,et betel a mare et,N,,,,
13,15,83,62,b,21,altarii agge ad orientis partem,et,,betel a mare et benedixit,N,,,,
13,15,83,62,b,21,agge ad orientis partem et,betel,,a mare et benedixit dnm,N,,TRUE,,
13,15,83,62,b,22,ad orientis partem et betel,a,,mare et benedixit dnm dominum,N,,,,
13,15,83,62,b,22,orientis partem et betel a,mare,,et benedixit dnm dominum dm,N,,,,
13,15,83,62,b,22,partem et betel a mare,et,,benedixit dnm dominum dm deum,N,,,,
13,15,83,62,b,22,et betel a mare et,benedixit,,dnm dominum dm deum suum,N,,,,
13,15,83,62,b,23,betel a mare et benedixit,dnm,dominum,dominum dm deum suum qui,N,TRUE,,,
13,15,83,62,b,23,a mare et benedixit dnm,dominum,,dm deum suum qui reuocauit,N,TRUE,,,
13,15,83,62,b,23,mare et benedixit dnm dominum,dm,deum,deum suum qui reuocauit eum,N,TRUE,,,
13,15,83,62,b,23,et benedixit dnm dominum dm,deum,,suum qui reuocauit eum in,N,TRUE,,,
13,15,83,62,b,23,benedixit dnm dominum dm deum,suum,,qui reuocauit eum in pace,N,,,,
13,15,83,62,b,23,dnm dominum dm deum suum,qui,,reuocauit eum in pace Et,N,,,,
13,15,83,62,b,24,dominum dm deum suum qui,reuocauit,,eum in pace Et factum,N,,,,
13,15,83,62,b,24,dm deum suum qui reuocauit,eum,,in pace Et factum est,N,,,,
13,15,83,62,b,24,deum suum qui reuocauit eum,in,,pace Et factum est in,N,,,,
13,15,83,62,b,24,suum qui reuocauit eum in,pace,pace,Et factum est in qa̅dragensimo,N,,,,
13,16,84,61,a,1,qui reuocauit eum in pace,Et,,factum est in qa̅dragensimo quadragensimo,N,,,,
13,16,84,61,a,1,reuocauit eum in pace Et,factum,,est in qa̅dragensimo quadragensimo quadragesimo,N,,,,
13,16,84,61,a,1,eum in pace Et factum,est,,in qa̅dragensimo quadragensimo quadragesimo et,N,,,,
13,16,84,61,a,1,in pace Et factum est,in,,qa̅dragensimo quadragensimo quadragesimo et primo,N,,,,
13,16,84,61,a,1,pace Et factum est in,qa̅dragensimo,quadragesimo,quadragensimo quadragesimo et primo iubeleo,N,,,A,
13,16,84,61,a,2,Et factum est in qa̅dragensimo,quadragensimo,,quadragesimo et primo iubeleo anno,N,,,A,
13,16,84,61,a,2,factum est in qa̅dragensimo quadragensimo,quadragesimo,,et primo iubeleo anno tertio,N,,,,Denis
13,16,84,61,a,2,est in qa̅dragensimo quadragensimo quadragesimo,et,,primo iubeleo anno tertio ebdomadarum,N,,,,
13,16,84,61,a,2,in qa̅dragensimo quadragensimo quadragesimo et,primo,,iubeleo anno tertio ebdomadarum primi,N,,,,
13,16,84,61,a,3,qa̅dragensimo quadragensimo quadragesimo et primo,iubeleo,,anno tertio ebdomadarum primi reuersus,N,,,,
13,16,84,61,a,3,quadragensimo quadragesimo et primo iubeleo,anno,,tertio ebdomadarum primi reuersus est,N,,,,
13,16,84,61,a,3,quadragesimo et primo iubeleo anno,tertio,,ebdomadarum primi reuersus est in,N,,,,
13,16,84,61,a,4,et primo iubeleo anno tertio,ebdomadarum,,primi reuersus est in locum,N,,,,
13,16,84,61,a,4,primo iubeleo anno tertio ebdomadarum,primi,,reuersus est in locum hunc,N,,,,
13,16,84,61,a,5,iubeleo anno tertio ebdomadarum primi,reuersus,,est in locum hunc et,N,,,,
13,16,84,61,a,5,anno tertio ebdomadarum primi reuersus,est,,in locum hunc et obtulit,N,,,,
13,16,84,61,a,5,tertio ebdomadarum primi reuersus est,in,,locum hunc et obtulit olocaustomata,N,,,,
13,16,84,61,a,6,ebdomadarum primi reuersus est in,locum,,hunc et obtulit olocaustomata et,N,,,,
13,16,84,61,a,6,primi reuersus est in locum,hunc,,et obtulit olocaustomata et inuocauit,N,,,,
13,16,84,61,a,6,reuersus est in locum hunc,et,,obtulit olocaustomata et inuocauit in,N,,,,
13,16,84,61,a,6,est in locum hunc et,obtulit,,olocaustomata et inuocauit in nomine,N,,,,
13,16,84,61,a,7,in locum hunc et obtulit,olocaustomata,,et inuocauit in nomine dni,N,,,,
13,16,84,61,a,8,locum hunc et obtulit olocaustomata,et,,inuocauit in nomine dni domini,N,,,,
13,16,84,61,a,8,hunc et obtulit olocaustomata et,inuocauit,,in nomine dni domini tu,N,,,,
13,16,84,61,a,8,et obtulit olocaustomata et inuocauit,in,,nomine dni domini tu es,N,,,,
13,16,84,61,a,8,obtulit olocaustomata et inuocauit in,nomine,,dni domini tu es ds,N,,,,
13,16,84,61,a,9,olocaustomata et inuocauit in nomine,dni,domini,domini tu es ds deus,N,TRUE,,,
13,16,84,61,a,9,et inuocauit in nomine dni,domini,,tu es ds deus excelsus,N,TRUE,,,
13,16,84,61,a,9,inuocauit in nomine dni domini,tu,,es ds deus excelsus ds,N,,,,
13,16,84,61,a,9,in nomine dni domini tu,es,,ds deus excelsus ds deus,N,,,,
13,16,84,61,a,9,nomine dni domini tu es,ds,deus,deus excelsus ds deus meus,N,TRUE,,,
13,16,84,61,a,9,dni domini tu es ds,deus,,excelsus ds deus meus in,N,TRUE,,,
13,16,84,61,a,9,domini tu es ds deus,excelsus,,ds deus meus in saecula,N,,,,
13,16,84,61,a,10,tu es ds deus excelsus,ds,deus,deus meus in saecula saeculoru˙,N,TRUE,,,
13,16,84,61,a,10,es ds deus excelsus ds,deus,,meus in saecula saeculoru˙ saeculorum,N,TRUE,,,
13,16,84,61,a,10,ds deus excelsus ds deus,meus,,in saecula saeculoru˙ saeculorum Et,N,,,,
13,16,84,61,a,10,deus excelsus ds deus meus,in,,saecula saeculoru˙ saeculorum Et in,N,,,,
13,16,84,61,a,11,excelsus ds deus meus in,saecula,,saeculoru˙ saeculorum Et in no,N,,,,
13,16,84,61,a,11,ds deus meus in saecula,saeculoru˙,saeculorum,saeculorum Et in no quarto,N,,,,
13,16,84,61,a,11,deus meus in saecula saeculoru˙,saeculorum,,Et in no quarto septimanarum,N,,,,
13,17,84,61,a,12,meus in saecula saeculoru˙ saeculorum,Et,,in no quarto septimanarum huius,N,,,,
13,17,84,61,a,12,in saecula saeculoru˙ saeculorum Et,in,,no quarto septimanarum huius separatus,N,,,,
13,17,84,61,a,12,saecula saeculoru˙ saeculorum Et in,no,,quarto septimanarum huius separatus est,N,,,,
13,17,84,61,a,12,saeculoru˙ saeculorum Et in no,quarto,,septimanarum huius separatus est loth,N,,,,
13,17,84,61,a,12,saeculorum Et in no quarto,septimanarum,,huius separatus est loth ab,N,,,,
13,17,84,61,a,13,Et in no quarto septimanarum,huius,,separatus est loth ab ipso,N,,,,
13,17,84,61,a,13,in no quarto septimanarum huius,separatus,,est loth ab ipso et,N,,,,
13,17,84,61,a,14,no quarto septimanarum huius separatus,est,,loth ab ipso et inhabitauit,N,,,,
13,17,84,61,a,14,quarto septimanarum huius separatus est,loth,,ab ipso et inhabitauit sodomis,N,TRUE,,,
13,17,84,61,a,14,septimanarum huius separatus est loth,ab,,ipso et inhabitauit sodomis et,N,,,,
13,17,84,61,a,15,huius separatus est loth ab,ipso,,et inhabitauit sodomis et homines,N,,,,
13,17,84,61,a,15,separatus est loth ab ipso,et,,inhabitauit sodomis et homines sodomitae,N,,,,
13,17,84,61,a,15,est loth ab ipso et,inhabitauit,,sodomis et homines sodomitae peccatores,N,,,,
13,17,84,61,a,16,loth ab ipso et inhabitauit,sodomis,,et homines sodomitae peccatores erant,N,,TRUE,,
13,17,84,61,a,16,ab ipso et inhabitauit sodomis,et,,homines sodomitae peccatores erant ualde,N,,,,
13,17,84,61,a,16,ipso et inhabitauit sodomis et,homines,,sodomitae peccatores erant ualde et,N,,,,
13,17,84,61,a,17,et inhabitauit sodomis et homines,sodomitae,,peccatores erant ualde et iniqui,N,,TRUE,,
13,17,84,61,a,17,inhabitauit sodomis et homines sodomitae,peccatores,,erant ualde et iniqui in,N,,,,
13,17,84,61,a,18,sodomis et homines sodomitae peccatores,erant,,ualde et iniqui in cordib·,N,,,,
13,17,84,61,a,18,et homines sodomitae peccatores erant,ualde,,et iniqui in cordib· cordibus,N,,,,
13,17,84,61,a,19,homines sodomitae peccatores erant ualde,et,,iniqui in cordib· cordibus suis,N,,,,
13,17,84,61,a,19,sodomitae peccatores erant ualde et,iniqui,,in cordib· cordibus suis propter,N,,,,
13,17,84,61,a,19,peccatores erant ualde et iniqui,in,,cordib· cordibus suis propter quod,N,,,,
13,17,84,61,a,19,erant ualde et iniqui in,cordib·,cordibus,cordibus suis propter quod separatus,N,,,,
13,17,84,61,a,19,ualde et iniqui in cordib·,cordibus,,suis propter quod separatus est,N,,,,
13,17,84,61,a,20,et iniqui in cordib· cordibus,suis,,propter quod separatus est loth,N,,,,
13,18,84,61,a,20,iniqui in cordib· cordibus suis,propter,,quod separatus est loth filius,N,,,,
13,18,84,61,a,20,in cordib· cordibus suis propter,quod,,separatus est loth filius fratris,N,,,,
13,18,84,61,a,21,cordib· cordibus suis propter quod,separatus,,est loth filius fratris sui,N,,,,
13,18,84,61,a,21,cordibus suis propter quod separatus,est,,loth filius fratris sui ab,N,,,,
13,18,84,61,a,21,suis propter quod separatus est,loth,,filius fratris sui ab eo,N,TRUE,,,
13,18,84,61,a,22,propter quod separatus est loth,filius,,fratris sui ab eo eo,N,,,,
13,18,84,61,a,22,quod separatus est loth filius,fratris,,sui ab eo eo quod,N,,,,
13,18,84,61,a,22,separatus est loth filius fratris,sui,,ab eo eo quod non,N,,,,
13,18,84,61,a,22,est loth filius fratris sui,ab,,eo eo quod non erant,N,,,,
13,18,84,61,a,23,loth filius fratris sui ab,eo,,eo quod non erant illi,N,,,,
13,18,84,61,a,23,filius fratris sui ab eo,eo,,quod non erant illi filii,N,,,,
13,18,84,61,a,23,fratris sui ab eo eo,quod,,non erant illi filii captiuatus,N,,,,
13,18,84,61,a,23,sui ab eo eo quod,non,,erant illi filii captiuatus est,N,,,,
13,18,84,61,a,23,ab eo eo quod non,erant,,illi filii captiuatus est loth,N,,,,
13,18,84,61,a,24,eo eo quod non erant,illi,,filii captiuatus est loth ab,N,,,,
13,18,84,61,a,24,eo quod non erant illi,filii,,captiuatus est loth ab ipso,N,,,,
13,19,84,61,a,24,quod non erant illi filii,captiuatus,,est loth ab ipso In,N,,,,
13,19,84,61,a,24,non erant illi filii captiuatus,est,,loth ab ipso In quarto,N,,,,
13,19,84,61,b,1,erant illi filii captiuatus est,loth,,ab ipso In quarto autem,N,TRUE,,,
13,19,84,61,b,1,illi filii captiuatus est loth,ab,,ipso In quarto autem anno,N,,,,
13,19,84,61,b,1,filii captiuatus est loth ab,ipso,,In quarto autem anno septimani,N,,,,
13,19,84,61,b,1,captiuatus est loth ab ipso,In,,quarto autem anno septimani huius,N,,,,
13,19,84,61,b,1,est loth ab ipso In,quarto,,autem anno septimani huius iubelei,N,,,,
13,19,84,61,b,2,loth ab ipso In quarto,autem,,anno septimani huius iubelei ipsius,N,,,,
13,19,84,61,b,2,ab ipso In quarto autem,anno,,septimani huius iubelei ipsius dixit,N,,,,
13,19,84,61,b,2,ipso In quarto autem anno,septimani,,huius iubelei ipsius dixit deus,N,,,,
13,19,84,61,b,3,In quarto autem anno septimani,huius,,iubelei ipsius dixit deus ad,N,,,,
13,19,84,61,b,3,quarto autem anno septimani huius,iubelei,,ipsius dixit deus ad abram,N,,,,
13,19,84,61,b,4,autem anno septimani huius iubelei,ipsius,,dixit deus ad abram eleua,N,,,,
13,19,84,61,b,4,anno septimani huius iubelei ipsius,dixit,,deus ad abram eleua oculos,N,,,,
13,19,84,61,b,4,septimani huius iubelei ipsius dixit,deus,,ad abram eleua oculos tuos,N,TRUE,,,
13,19,84,61,b,4,huius iubelei ipsius dixit deus,ad,,abram eleua oculos tuos de,N,,,,
13,19,84,61,b,4,iubelei ipsius dixit deus ad,abram,Abraham,eleua oculos tuos de loco,N,TRUE,,,
13,19,84,61,b,5,ipsius dixit deus ad abram,eleua,,oculos tuos de loco ubi,N,,,,
13,19,84,61,b,5,dixit deus ad abram eleua,oculos,,tuos de loco ubi sedes,N,,,,
13,19,84,61,b,5,deus ad abram eleua oculos,tuos,,de loco ubi sedes tu,N,,,,
13,19,84,61,b,6,ad abram eleua oculos tuos,de,,loco ubi sedes tu ad,N,,,,
13,19,84,61,b,6,abram eleua oculos tuos de,loco,,ubi sedes tu ad occasum,N,,,,
13,19,84,61,b,6,eleua oculos tuos de loco,ubi,,sedes tu ad occasum et,N,,,,
13,19,84,61,b,6,oculos tuos de loco ubi,sedes,,tu ad occasum et africum,N,,,,
13,19,84,61,b,6,tuos de loco ubi sedes,tu,,ad occasum et africum et,N,,,,
13,19,84,61,b,7,de loco ubi sedes tu,ad,,occasum et africum et orientem,N,,,,
13,19,84,61,b,7,loco ubi sedes tu ad,occasum,,et africum et orientem et,N,,,,
13,19,84,61,b,7,ubi sedes tu ad occasum,et,,africum et orientem et septentrionem,N,,,,
13,19,84,61,b,7,sedes tu ad occasum et,africum,,et orientem et septentrionem quoniam,N,,TRUE,,
13,19,84,61,b,8,tu ad occasum et africum,et,,orientem et septentrionem quoniam omnem,N,,,,
13,19,84,61,b,8,ad occasum et africum et,orientem,,et septentrionem quoniam omnem terram,N,,,,
13,19,84,61,b,9,occasum et africum et orientem,et,,septentrionem quoniam omnem terram quan,N,,,,
13,19,84,61,b,9,et africum et orientem et,septentrionem,,quoniam omnem terram quan quam,N,,,,
13,20,84,61,b,10,africum et orientem et septentrionem,quoniam,,omnem terram quan quam tu,N,,,,
13,20,84,61,b,10,et orientem et septentrionem quoniam,omnem,,terram quan quam tu uides,N,,,,
13,20,84,61,b,11,orientem et septentrionem quoniam omnem,terram,,quan quam tu uides tibi,N,,,,
13,20,84,61,b,11,et septentrionem quoniam omnem terram,quan,,quam tu uides tibi et,N,,,A,
13,20,84,61,b,11,septentrionem quoniam omnem terram quan,quam,,tu uides tibi et semini,N,,,,Rönsch
13,20,84,61,b,11,quoniam omnem terram quan quam,tu,,uides tibi et semini tuo,N,,,,
13,20,84,61,b,11,omnem terram quan quam tu,uides,,tibi et semini tuo dabo,N,,,,
13,20,84,61,b,12,terram quan quam tu uides,tibi,,et semini tuo dabo eam,N,,,,
13,20,84,61,b,12,quan quam tu uides tibi,et,,semini tuo dabo eam in,N,,,,
13,20,84,61,b,12,quam tu uides tibi et,semini,,tuo dabo eam in saecula,N,,,,
13,20,84,61,b,12,tu uides tibi et semini,tuo,,dabo eam in saecula et,N,,,,
13,20,84,61,b,13,uides tibi et semini tuo,dabo,,eam in saecula et ponam,N,,,,
13,20,84,61,b,13,tibi et semini tuo dabo,eam,,in saecula et ponam semen,N,,,,
13,20,84,61,b,13,et semini tuo dabo eam,in,,saecula et ponam semen tuum,N,,,,
13,20,84,61,b,13,semini tuo dabo eam in,saecula,,et ponam semen tuum sicut,N,,,,
13,20,84,61,b,14,tuo dabo eam in saecula,et,,ponam semen tuum sicut harena,N,,,,
13,20,84,61,b,14,dabo eam in saecula et,ponam,,semen tuum sicut harena maris,N,,,,
13,20,84,61,b,14,eam in saecula et ponam,semen,,tuum sicut harena maris etenim,N,,,,
13,20,84,61,b,15,in saecula et ponam semen,tuum,,sicut harena maris etenim semen,N,,,,
13,20,84,61,b,15,saecula et ponam semen tuum,sicut,,harena maris etenim semen tuum,N,,,,
13,20,84,61,b,15,et ponam semen tuum sicut,harena,,maris etenim semen tuum non,N,,,,
13,20,84,61,b,16,ponam semen tuum sicut harena,maris,,etenim semen tuum non enumerabitur,N,,,,
13,20,84,61,b,16,semen tuum sicut harena maris,etenim,,semen tuum non enumerabitur Et,N,,,,
13,20,84,61,b,16,tuum sicut harena maris etenim,semen,,tuum non enumerabitur Et tu,N,,,,
13,20,84,61,b,17,sicut harena maris etenim semen,tuum,,non enumerabitur Et tu exsurgens,N,,,,
13,20,84,61,b,17,harena maris etenim semen tuum,non,,enumerabitur Et tu exsurgens perambula,N,,,,
13,20,84,61,b,17,maris etenim semen tuum non,enumerabitur,,Et tu exsurgens perambula latitudinem,N,,,,
13,21,84,61,b,18,etenim semen tuum non enumerabitur,Et,,tu exsurgens perambula latitudinem eius,N,,,,
13,21,84,61,b,18,semen tuum non enumerabitur Et,tu,,exsurgens perambula latitudinem eius et,N,,,,
13,21,84,61,b,18,tuum non enumerabitur Et tu,exsurgens,,perambula latitudinem eius et uide,N,,,,
13,21,84,61,b,19,non enumerabitur Et tu exsurgens,perambula,,latitudinem eius et uide uniuersa,N,,,,
13,21,84,61,b,20,enumerabitur Et tu exsurgens perambula,latitudinem,,eius et uide uniuersa quia,N,,,,
13,21,84,61,b,20,Et tu exsurgens perambula latitudinem,eius,,et uide uniuersa quia semini,N,,,,
13,21,84,61,b,21,tu exsurgens perambula latitudinem eius,et,,uide uniuersa quia semini tuo,N,,,,
13,21,84,61,b,21,exsurgens perambula latitudinem eius et,uide,,uniuersa quia semini tuo dabo,N,,,,
13,21,84,61,b,21,perambula latitudinem eius et uide,uniuersa,,quia semini tuo dabo eam,N,,,,
13,21,84,61,b,21,latitudinem eius et uide uniuersa,quia,,semini tuo dabo eam Et,N,,,,
13,21,84,61,b,22,eius et uide uniuersa quia,semini,,tuo dabo eam Et abiit,N,,,,
13,21,84,61,b,22,et uide uniuersa quia semini,tuo,,dabo eam Et abiit abram,N,,,,
13,21,84,61,b,22,uide uniuersa quia semini tuo,dabo,,eam Et abiit abram in,N,,,,
13,21,84,61,b,22,uniuersa quia semini tuo dabo,eam,,Et abiit abram in cebron,N,,,,
13,21,84,61,b,23,quia semini tuo dabo eam,Et,,abiit abram in cebron et,N,,,,
13,21,84,61,b,23,semini tuo dabo eam Et,abiit,,abram in cebron et inhabitauit,N,,,,
13,21,84,61,b,23,tuo dabo eam Et abiit,abram,Abraham,in cebron et inhabitauit ,N,TRUE,,,
13,21,84,61,b,23,dabo eam Et abiit abram,in,,cebron et inhabitauit  ,N,,,,
13,21,84,61,b,23,eam Et abiit abram in,cebron,,et inhabitauit   ,N,,TRUE,,
13,21,84,61,b,24,Et abiit abram in cebron,et,,inhabitauit    ,N,,,,
13,21,84,61,b,24,abiit abram in cebron et,inhabitauit,,    ,N,,,,
